"","sequence","Accession_number","evalue","%_identity","query_cover"
"1","g5467.t1","P0DPW4.1",3.83e-13,44.118,45.5172413793103
"2","g5616.t1","P0DPW4.1",2.2e-14,40.964,40.0990099009901
"3","g15153.t1","P0DPW4.1",1.85e-14,39.759,46.3276836158192
"4","g5503.t1","P0DPW4.1",6.59e-14,39.759,37.6744186046512
"5","g5502.t1","P0DPW5.1",2.57e-06,44.444,18.0327868852459
"6","g5641.t1","P0DPW4.1",5e-13,39.286,42.7083333333333
"7","g12562.t1","P0DPW5.1",4.75e-05,42.222,22
"8","g15484.t1","Q505L3.1",0,47.25,77.5193798449613
